{
  "case": {
    "case_id": "dx0.010_p2",
    "case_slug": "dx0.010_p2",
    "config_hash": "85146ca7ec93fc03"
  },
  "oft": {
    "module": "OpenFUSIONToolkit",
    "version": null
  },
  "mesh": {
    "n_points": 1561,
    "n_elements": 3007,
    "element_nnodes": 3,
    "points_bbox": {
      "r_min": 0.27014132769263255,
      "r_max": 0.57,
      "z_min": -0.2098616534674746,
      "z_max": 0.20986165346747457
    },
    "region_ids": [
      1
    ]
  },
  "solver": {
    "free_boundary": false,
    "order": 2,
    "F0": 0.10752,
    "maxits": 60
  },
  "targets": {
    "Ip": 120000.0,
    "Ip_ratio": 1.0
  },
  "diagnostics": {
    "stats": {
      "Ip": 119988.37077915663,
      "Ip_centroid": [
        0.42471372828417864,
        5.549701227720994e-08
      ],
      "kappa": 1.3996698925898083,
      "kappaU": 1.3996026464171683,
      "kappaL": 1.3997371387624484,
      "delta": -0.017372050178658473,
      "deltaU": -0.017722239199747507,
      "deltaL": -0.01702186115756944,
      "R_geo": 0.4200705693639052,
      "a_geo": 0.14992924167140398,
      "vol": 0.26074297731481993,
      "q_0": 0.5547350328347681,
      "q_95": 0.9379457505163088,
      "P_ax": 9645.466424468501,
      "P_max": 9645.466424468501,
      "W_MHD": 1347.0462252767925,
      "beta_pol": 49.300670121097035,
      "dflux": 0.0015400281728408464,
      "tflux": 0.027695546450186573,
      "l_i": 0.7460149780970092,
      "beta_tor": 13.21248414171121,
      "beta_n": 4.225700056631677
    }
  }
}