{
  "case": {
    "case_id": "dx0.020_p1",
    "case_slug": "dx0.020_p1",
    "config_hash": "6944feca733557bf"
  },
  "oft": {
    "module": "OpenFUSIONToolkit",
    "version": null
  },
  "mesh": {
    "n_points": 406,
    "n_elements": 754,
    "element_nnodes": 3,
    "points_bbox": {
      "r_min": 0.27,
      "r_max": 0.57,
      "z_min": -0.20999999999999996,
      "z_max": 0.21
    },
    "region_ids": [
      1
    ]
  },
  "solver": {
    "free_boundary": false,
    "order": 1,
    "F0": 0.10752,
    "maxits": 60
  },
  "targets": {
    "Ip": 120000.0,
    "Ip_ratio": 1.0
  },
  "diagnostics": {
    "stats": {
      "Ip": 119996.42805159968,
      "Ip_centroid": [
        0.4246450210546482,
        -1.0387175608727486e-05
      ],
      "kappa": 1.3999815631532067,
      "kappaU": 1.4573816150701933,
      "kappaL": 1.3425815112362203,
      "delta": 0.00025673444277237275,
      "deltaU": -6.714232642251292e-05,
      "deltaL": 0.0005806112119668884,
      "R_geo": 0.42000013553888726,
      "a_geo": 0.1499984635234818,
      "vol": 0.2603257489075199,
      "q_0": 0.5325209128822607,
      "q_95": 0.942664079662223,
      "P_ax": 9635.827421146276,
      "P_max": 9635.827421146276,
      "W_MHD": 1341.6749547391228,
      "beta_pol": 48.87929366436104,
      "dflux": 0.0015344322772197995,
      "tflux": 0.027647209710116125,
      "l_i": 0.7397450207322214,
      "beta_tor": 13.176471793143458,
      "beta_n": 4.216551933941225
    }
  }
}