{
  "case": {
    "case_id": "dx0.015_p2",
    "case_slug": "dx0.015_p2",
    "config_hash": "8f35d6eca53fd56a"
  },
  "oft": {
    "module": "OpenFUSIONToolkit",
    "version": null
  },
  "mesh": {
    "n_points": 705,
    "n_elements": 1333,
    "element_nnodes": 3,
    "points_bbox": {
      "r_min": 0.27021293372356636,
      "r_max": 0.57,
      "z_min": -0.20979155789099502,
      "z_max": 0.20979155789099502
    },
    "region_ids": [
      1
    ]
  },
  "solver": {
    "free_boundary": false,
    "order": 2,
    "F0": 0.10752,
    "maxits": 60
  },
  "targets": {
    "Ip": 120000.0,
    "Ip_ratio": 1.0
  },
  "diagnostics": {
    "stats": {
      "Ip": 119988.2999502019,
      "Ip_centroid": [
        0.42470797144075556,
        -1.7602945403567684e-06
      ],
      "kappa": 1.3994997323319849,
      "kappaU": 1.3995140559529937,
      "kappaL": 1.3994854087109758,
      "delta": 0.025955575991667024,
      "deltaU": 0.024375182896538578,
      "deltaL": 0.027535969086795106,
      "R_geo": 0.4201063696415585,
      "a_geo": 0.14989343591977095,
      "vol": 0.2605556205151717,
      "q_0": 0.5541386308157402,
      "q_95": 0.9400332932241091,
      "P_ax": 9653.363662697271,
      "P_max": 9653.363662697271,
      "W_MHD": 1347.140918324989,
      "beta_pol": 49.30007719532646,
      "dflux": 0.0015401062030579356,
      "tflux": 0.02767723043214969,
      "l_i": 0.7460110308547925,
      "beta_tor": 13.225168185693366,
      "beta_n": 4.22838874116104
    }
  }
}